id,text
1,"As I opened the door, the familiar scent of cinnamon hit me, but it was the sight of the roomfilled with balloons and smiling facesthat made me take a step back, blinking rapidly to ensure I wasn't dreaming. "
2,"As the door slammed shut behind me, my fists clenched involuntarily, and a slow, burning sensation settled in my chest, making it hard to breathe. My thoughts raced, each one a spark feeding an uncontrollable fire that I couldn't extinguish."
3,"Walking into the kitchen, I expected silence, but instead I was greeted by an unexpected choir of ""Happy Birthday!"" with smiling faces peeking out from every corner. My eyes widened as I took in the sight of balloons and a cake that I had surely not planned for."
4,"As I opened the gift, my eyes widened and a grin spread across my face, brighter than the morning sun that streamed through the window. A soft, infectious warmth bubbled up inside me, like I was a child again, waking up on a perfect summer day."
5,"As I turned the corner, I found my old college roommate standing in front of me after years of no contact, holding the exact limited edition novel I had been tirelessly searching for."
6,"As I approached the kitchen trash can, an overwhelming stench clawed at my nostrils, and my stomach lurched. The sticky, oozing substance that had somehow escaped the bag clung to my hand, making my skin crawl."
7,"I found the old shoebox full of letters while clearing out the attic, the paper yellowed and brittle in my hands. As I read each fading word, the room seemed to grow colder and the shadows on the walls longer."
8,"As I slammed the door behind me, my hands shook with a force I couldn't control, my breathing came in sharp, rapid bursts, and the heat rose from my chest to my face, making it feel like my ears might burst into flames. The words hung in the air like a challenge, daring me to turn back, but all I wanted was to storm away from their reckless insolence."
9,"As I pushed open the front door, the scent of freshly baked cookies wafted through the air, and a chorus of laughter burst from the living room, pulling me in with its warmth. My heart danced to the familiar rhythm of home, each step lighter than the last."
10,"The hairs on the back of my neck stood on end as the unexplainable shadow stretched toward me, each creak of the floorboards loud in the enveloping silence. My breath caught, heart pounding in a rhythm that echoed in my ears, urging me to move."
11,"The sharp creak of the floorboards echoed through the silent room, and my heart raced as I clutched the blanket tighter, my eyes glued to the shadowy form near the doorway. Each breath felt heavier, the air seeming colder with every passing second as I willed myself not to move."
12,I walked into the room and was immediately hit by an overpowering stench that twisted my stomach and made my eyes water. The sight of the leftover food scraps festering under a layer of mold was enough to send a shiver down my spine and make me wish I hadn't taken that last breath.
13,"Sitting at the kitchen table, I watched the rain weave patterns down the window, each droplet blurring the vibrant colors of the garden outside. The half-finished cup of tea beside me had grown cold, untouched since I poured it earlier in the morning."
14,"As the sun dipped below the horizon, painting the sky in vibrant hues, I felt a delightful spark as my laughter echoed across the field, the gentle breeze twirling around me like a dance partner. The warm air embraced me, and I knew in that moment, everything was just as it should be."
15,"My heart pounded against my ribs like a relentless drum, and the air seemed to thicken around me as shadows crept silently along the walls, growing larger with each passing second. I could hear the creak of the floorboards echoing through the hollow darkness, and each step felt like a dangerous challenge in an unfamiliar, menacing game."
16,"The sun warmed my skin as I spun around in the open field, arms outstretched, feeling the breeze dance through my hair. Laughter bubbled up uncontrollably, as if it were the most natural sound in the world."
17,"I walked into the kitchen expecting to see the usual morning mess, but instead, there was a neatly arranged breakfast spread, complete with freshly squeezed orange juice and neatly folded napkins. The sunlight streaming in caught the gleam of the spotless counter, a sight I never imagined I'd wake up to."
18,"The old wooden swing in the backyard hung still, its chains creaking softly in the breeze like whispers of laughter and joy that had long since vanished. In the quiet of the fading afternoon light, the echoes of forgotten moments settled like a stone in my chest, heavy and unmoving."
19,"As the first rays of sunlight spilled over the horizon, I danced through the morning dew, feeling as light and boundless as the sky itself, humming a tune that seemed to lift with each heartbeat. The world around me shimmered in vibrant hues, as if everything had conspired to paint the perfect day."
20,"As I walked through the park, the sun kissed my skin and a melody of laughter drifted through the air, harmonizing with the rustling leavesit felt like the world was in tune with my heart. With each step, my smile widened, and I felt as if I could float with the clouds above."
21,"The house was quieter than I remembered, each room echoing with memories of laughter now absent. As I wandered from room to room, the weight of what was no longer there pressed heavily upon my chest."
22,"Today, as I walked into my favorite coffee shop, the usual barista greeted me by name and handed me a steaming cup, the exact order I planned to make but hadn't yet spoken aloud. That familiar, comforting aroma wrapped around me like an unexpected, warm embrace from a friend I didn't know I had."
23,"I opened the front door, expecting the usual quiet of an empty house, only to be met with a shout of ""Surprise!"" and a room filled with smiling friends and bursting balloons. My eyes widened as the familiar faces began to emerge from behind the furniture, laughter and music spilling into the air."
24,"My heart raced as the darkness in the room seemed to whisper secrets only it knew, while every creak of the floorboards felt like a countdown. I strained my ears, holding my breath, hoping the sound outside the window was just the wind playing tricks on me."
25,"As I walked into the dimly lit room, an almost palpable stench rolled over me, clinging stubbornly to the back of my throat; the sight of the overflowing trash bin, festering with mold and something unidentifiable, made the corners of my mouth twitch in an involuntary grimace. I swallowed hard, battling the urge to turn back and flee from this assault on my senses."
26,"The loud crash echoed through the room as the door slammed behind me, and I felt a searing heat rise from my chest to my temples, clouding my thoughts and curling my hands into tight fists. Every word that followed from my mouth cut through the air like shards of glass, sharp and unforgiving."
27,"As I pulled the old shoebox from the back of the closet, a tiny slip of paper fluttered out, revealing a long-forgotten love note written in a familiar hand. My gaze drifted from the paper to the face smiling back at me from an old photograph, and a flood of memories rushed in, unannounced and unexpected."
28,"As the first rays of the morning sun gently warmed my face, the lush green of the park seemed to glow with a vibrant intensity, and I couldn't help but skip a little as I noticed my reflection in a puddle, grinning ear to ear."
29,"My heart raced as the shadows stretched across the room, each creak of the floorboards echoing like a warning. The air felt tighter with every breath, my senses heightened to every whisper of movement around me."
30,"The moment the sun peeked over the horizon, painting the sky in hues of pink and gold, I felt an irresistible urge to dance barefoot in the dewy grass, my laughter mingling with the song of the morning birds."
31,"As I stepped into the quiet room, the echoes of laughter and warmth were replaced by silence and the faint scent of nostalgia. I found myself tracing the outlines of photographs, each one a distant whisper of times when everything felt whole."
32,"Walking into the living room, I stopped short as my eyes landed on a towering stack of presents, each wrapped in bright, colorful paper, a sight I hadn't expected to see until next week. My breath caught in my throat when the lights flickered on, revealing a chorus of familiar faces shouting, ""Happy Birthday!"""
33,"As I opened the fridge, a rancid wave cascaded out, and the limp lettuce glistened with an unsettling sheen, its edges curling and dark. I could almost hear the squelch of the forgotten leftovers, their once-vibrant colors now a muddled, unrecognizable murk."
34,"I slammed the door shut with such force that the frames shook, and my clenched fists trembled as I stared at the mess they dared to leave behind, wondering how anyone could be so careless and disrespectful."
35,"My heart raced as the floorboards creaked behind me, each footstep echoing louder in the chilling silence. The shadows danced wildly on the walls, and my breath caught in my throat with every urgent glance over my shoulder."
36,"I walked into the room, and there they werea parade of colorful balloons, a table bursting with gifts, and all my friends grinning mischievously, pressing party poppers at the ready. It took a moment for my mind to register the cacophony of heartfelt claps and cheers declaring my name."
37,"As I stepped outside, the morning sun kissed my cheeks, and a symphony of birds filled the air around me. With each step, the gentle breeze seemed to lift me, as if promising that today was a day wrapped in possibility."
38,"As I walked into the room, the stench slapped me in the face, a putrid mix of sour milk and something indescribably rank, and I instinctively recoiled, my stomach churning with each breath I dared to take. I could barely suppress a gag as I noticed the source: an overflowing bin, long forgotten and teeming with a life of its own."
39,"I felt the heat rise up my neck as I clenched my fists tightly, the loud and relentless thumping in my ears threatening to burst forth in a torrent of unspoken words. My pulse quickened, each breath tethered to an urgency I could hardly contain, as the silence stretched unbearably between us."
40,"As I walked into the room, the fetid odor hit me like a wall, nearly making me gag, and my stomach twisted at the sight of food containers piled high, bearing mold of colors I didn't know existed. Each step felt like wading through a swamp of neglect, with my skin prickling at the unsavory grime that coated every visible surface."
41,"As I opened the door to my apartment, I was met with an unexpected bouquet of brightly colored balloons hovering in my living room, casting a kaleidoscope of reflections on the walls. Just beneath them, sat a small envelope with my name written in familiar handwriting, something I hadn't anticipated at all."
42,"As I stepped outside, the gentle warmth of the morning sun kissed my skin, and the air was filled with the sweet scent of blooming flowers; my steps felt lighter, and I couldn't help but hum a little tune as I walked. Each moment tingled with a sense of wonder, as if the world had painted itself in brighter colors just for me."
43,"I walked into the room, expecting the usual clutter, but instead, it was spotless, with everything in its right place, and the afternoon sunlight pouring in made it seem like a scene from a catalog. It felt as if the entire room had undergone a magical transformation, leaving me to wonder if I'd stepped into someone else's home."
44,"As I walked down the dimly lit alleyway, the sound of footsteps echoing behind me quickened my pace, my heart racing in sync with the growing shadows that seemed to stretch closer and closer with each passing second. Every creak of a distant door or rustle in the wind felt like a whisper of something unseen, threatening to close the distance."
45,"I slammed the door behind me, the echo reverberating down the hall, as my hands clenched into fists and my breath came in sharp bursts, each step I took leaving a thunderous imprint on the floor. The words that I bit back tasted like fire, scorching my tongue in their urgency to escape."
46,"I found myself sitting alone in the quiet room, staring at the faint light that struggled to seep through the curtains, as echoes of laughter and joy from distant memories played softly in the back of my mind. The weight of unspoken words and unshed tears pressed heavily in my chest, as I tried to remember the warmth once felt in this now empty space."
47,"I clenched my fists so tightly that my knuckles turned white, and I could feel the heat rising in my cheeks as I struggled to keep my voice steady, my thoughts racing faster than a speeding train through every unfair word that had just been thrown at me."
48,"My hands balled into fists, and I could feel my heart pounding in my chest as the heat crawled up my neck. Each word that left their mouth felt like a match striking, and I was moments away from igniting."
49,"Sure! Here's a short paragraph:  

My hands trembled as I slammed the stack of papers onto the desk, the sound echoing in the otherwise silent room. My thoughts raced, each one a flare of red as my grip tightened around the edges."
50,"I walked into the kitchen, half-asleep and expecting the usual morning routine, only to find my dog wearing my sunglasses and somehow managing to balance a spoon on his nose. I paused in the doorway, blinking rapidly as if to clear a strange dream from my eyes."
51,"The warm sun kissed my face as I watched the colorful kite dance effortlessly against the clear blue sky, and I couldn't help but laugh when the wind carried the sweet scent of blooming flowers my way. As my bare feet touched the cool grass, a sense of lightness seemed to lift me, and each breath felt like a celebration of something beautifully simple."
52,"As I walked through the quiet house, the echoes of laughter and footsteps that once filled the rooms seemed to linger in the shadows, leaving only a hollow stillness in their wake. The absence was a palpable presence, pressing gently but firmly against my heart with each silent step I took."
53,"As I sat by the window, watching the rain drizzle against the glass, the world beyond seemed to mirror the weight in my chest. Each droplet slid down slowly, leaving faint trails that disappeared, much like the faint presence that once filled the room."
54,"I walked into the kitchen only to be met with the putrid stench of spoiled leftovers, the sight of it sitting in the fridgelong past its expirationwith mold blooming across its surface left a sour taste in my mouth. I resisted the urge to retch as I wrapped the whole offensive bundle in several plastic bags, eager to remove any trace of it from the house."
55,"I could feel my heart pounding as I clenched my fists so tightly that my nails dug into my palms. The air felt thick, and my thoughts raced as I struggled to keep my voice steady, desperate to hold back the flood threatening to escape."
56,"As I pushed open the door, a cascade of warmth settled over me, the familiar scent of freshly baked bread filling the air, and laughter, like a gentle melody, embraced me from every corner of the room. The sunlight spilled through the windows, dancing across the floor, and I found myself wanting to linger in this moment a little longer."
57,"The sun warmed my face as I leapt from the swing, soaring briefly through the air before landing in a fit of giggles, surrounded by the bright chorus of laughter from friends. In that moment, with the scent of blooming flowers and freshly cut grass, everything felt just right, as if the world itself was smiling along with us."
58,"It felt as though a cold hand gripped my chest, each heartbeat pounding louder than the last as the shadows seemed to stretch and warp into unfamiliar shapes around me. My breath caught in my throat, and the world seemed to narrow to just the sound of the floorboards creaking softly under the weight of something unseen."
59,"I stumbled upon the putrid leftovers in the back of the fridge, the stench so overpowering it nearly pushed me backwards, and the sight of the forgotten, mold-covered meal made my stomach churn with an involuntary clench."
60,"As I opened the door, expecting the usual stillness of my front room, my eyes widened at the sight of my living room filled with cheerful faces and colorful streamers hanging from the ceiling; a chorus of ""Happy Birthday!"" erupted around me. My heart skipped a beat, trying to catch up with the unexpected scene unfolding before me."
61,"As I stood there, my fists clenched tightly while my pulse drummed in my ears, I couldn't help but feel the heat rising up my neck, each word echoing louder and more sharply than the last against the walls. It was like a storm brewing inside my chest, threatening to burst forth in a torrent of words I could barely contain."
62,"The raindrops tapped softly against the windowpane as I sat in the dimly lit room, staring at the untouched cup of cold coffee, its steam long since disappeared into the quiet air. Each tick of the clock seemed to echo in the silence, a reminder of the emptiness that filled the hours."
63,"As I opened the door, expecting to find my living room empty, I was greeted by a room filled with familiar faces and a cacophony of cheers, leaving me momentarily speechless and frozen in place. It was as if time had paused just for a split second, enough for me to take in the sight completely."
64,"As I opened the neglected fridge, a putrid stench hit me like a wall, and the sight of fuzzy, greenish patches enshrouding what seemed to be once-edible leftovers was enough to turn my stomach. I recoiled, quickly slamming the door shut, desperate to escape the nauseating assault on my senses."
65,"The house was quiet, the empty silence broken only by the rhythmic ticking of the clock on the wall. I found myself staring at the framed photograph on the mantle, its vibrant colors a stark contrast to the dull gray afternoon outside."
66,"My heart pounded in my chest as I navigated the shadowy hallway, every creak of the floorboards behind me echoing like a sinister whisper, urging me to quicken my pace. The cold sweat trickling down my spine seemed to intensify with each uncertain step, while my ears strained desperately to catch any sound that might emerge from the engulfing darkness."
67,"I walked into the kitchen and was met with the overpowering stench of something that had crawled into the trash can weeks ago and decided to make it its final resting place; the sight of slimy mold creeping over the edges like it was attempting an escape only made the sensation that much worse. I fought hard to swallow the bile rising in my throat as I quickly backed away, feeling my stomach churn in protest."
68,"I clenched my fists as my heart pounded like a relentless drum, the air around me feeling thick and suffocating as I struggled to breathe through the heat building inside. Words sat heavy on my tongue, waiting to explode like a dam on the verge of breaking."
69,"Opening the small, plain envelope, I unfolded the paper and saw a string of numbers that matched perfectlyit was the exact amount I'd been quietly wishing for. I blinked twice, convinced there must be a mistake, but the numbers stood unwavering."
70,"My heart raced as the floorboards creaked ominously under my feet, and the shadows seemed to stretch and reach for me in the dim light. I could feel a chill creeping up my spine as I quickened my pace, desperate to escape whatever unseen presence might be lurking just out of sight."
71,"As I stepped into the cramped elevator, the stale scent of unwashed bodies mixed with the pungent aroma of fast food leftovers assaulted my senses, making each breath a reluctant necessity. My eyes watered slightly, and I fought the urge to recoil every time I was jostled closer to the source of the smell."
72,"I slammed the door behind me, the echo of its thud bouncing off the walls, as my thoughts spun like a whirlwind, each one louder than the last. My hands clenched into fists, knuckles white, as I tried to steady my breath, each exhale a sharp reminder of how wrong everything felt."
73,"I stared at the tiny seedling protruding from the dry soil, where I'd resigned myself to a barren garden; disbelief lingered as I bent down to touch its delicate leaves, wondering how life found a way. This morning, the old oak tree at the park had mysteriously transformed, sporting a canopy of bright pink blossoms that weren't there the day before."
74,"My fists clenched involuntarily as my heart rate escalated, every breath sharp and shallow, a persistent heat rising in my cheeks as I painstakingly counted to ten in an effort to stay composed. The world around me seemed to narrow, my focus zeroing in on the cause of my irritation, every nerve ending screaming for resolution."
75,"As I stepped onto the sunlit path, the warmth of the day wrapped around me like a cozy embrace, and the vibrant colors of blooming flowers seemed to dance in harmony with my heart. Everywhere I looked, there was an energy that lifted my spirits, making everything feel wonderfully possible."
76,"The sun streamed through the window, warming my face as laughter bubbled up from somewhere deep within me, the rhythm of my footsteps syncing perfectly with the cheerful melody echoing in the background. Everything felt alive, as though the world had tilted perfectly into place, wrapping me in an embrace of colors and sounds so vivid, I couldn't help but dance along."
77,"The moment I opened the old container from the back of the fridge, a putrid stench hit me, making my stomach churn. Its contents, once vibrant and appetizing, now sat in a murky, moldy mess, sending prickling shivers across my skin."
78,"As I stepped outside, the crisp morning air filled my lungs, and the sun cast a warm, golden glow over everything it touched, making the world feel like a freshly painted canvas just for me. My heart felt like it could dance across the sky, matching the rhythm of the gentle breeze that rustled through the trees."
79,"As I walked down the dimly lit alley, the sound of footsteps echoed behind me, growing louder with each hesitant step I took. My heart pounded in my chest like a relentless drum, urging me to quicken my pace as shadows seemed to close in from all sides."
80,"As I stood frozen at the edge of the shadowy hallway, my heart pounded like a relentless drum, each beat echoing in my ears. The unfamiliar creak of the floorboards behind me sent icy chills crawling up my spine, urging my feet to move, but they remained stubbornly glued to the spot."
81,"My hands trembled as I tried to steady my breath, each pulse pounding loudly in my ears, and every attempt to speak felt like a battle against a tide of burning words that begged to escape. In that moment, even the air felt heavy, like it was suffocating the last thread of patience I had left."
82,"As I slowly pushed open the creaky door, the hair on my arms stood on end and my heart slammed against my chest, pounding faster with each muffled, unidentifiable sound emanating from the darkness beyond. In that moment, every instinct screamed for me to turn and flee, yet I found myself unable to tear my gaze away from the unseen presence that seemed to watch and wait."
83,"As I slammed the door behind me, the echo rattled the silence around us, reverberating with the words I couldn't express. My hands trembled, and I could feel the heat rising from my skin, burning silently with each unspoken thought."
84,"I opened the door and found a giant inflatable flamingo sitting in the middle of my living room, its bright pink color popping against the beige decor. As I scanned the room, I spotted my cat perched on top of it, wide-eyed and apparently just as intrigued by this unexpected visitor as I was."
85,"As the rain pounded against the window, each drop seemed to echo the chaotic drumbeat inside my chest, my hands clenched tightly into fists as I stared at the empty room, breathing sharp and heavy like an engine ready to combust. The weight of unspoken words hung thick in the air, like a storm cloud refusing to move on, and I knew I couldn't ignore the electric buzzing in my veins any longer."
86,"As I walked into the room, an overpowering stench seemed to cling to every surface, a mixture of rotting garbage and something that should never have left the depths of a forgotten fridge. My stomach lurched as I caught sight of the swarm of flies buzzing around a mystery pile in the corner, leaving me instinctively stepping back towards the door."
87,"As I entered the cramped room, the thick stench of rotting food mixed with the acrid scent of damp clothing assaulted my senses, making my stomach churn. My eyes scanned the scattered mess of dirty dishes coated in congealed grease and the grimy, stained carpet, and I instinctively took a step back, resisting the urge to gag."
88,"As I sat alone in the quiet room, the ticking of the clock seemed to echo the emptiness that surrounded me, each second stretching longer than the last. The gentle hum of the refrigerator in the background was the only company I had, offering little solace in a space that felt far too large and silent."
89,"I walked into the kitchen and was immediately hit by the acrid, sour stench of an overflowing garbage bin, the sight of its contents crawling with tiny, wriggling maggots threatening to churn my stomach. The thick smell seemed to cling to my clothes, and the sticky residue on the floor further fueled my urgency to escape the revolting scene."
90,"The room felt unusually quiet as I sat staring at the empty chair across from me, its absence more profound than any conversation we could have ever shared. The air seemed heavy, each tick of the clock echoing louder than the last, marking moments that felt unending."
91,"As the sun dipped below the horizon, shadows crept into the room, draping forgotten corners with a cold stillness, while the echoes of laughter from earlier in the day faded into the silent whispers of the night. I found myself lingering on each tick of the clock, feeling the weight of solitary hours settled heavy in my chest."
92,"As I turned the corner into the kitchen, my feet halted abruptly, eyes widening as they fixed on an unexpected assembly of balloons and a cake crowned with flickering candles, the scent of sweet frosting already intertwining with my breath."
93,"I slammed the door shut, the walls seeming to shudder in response, as the echoes bounced around the room with a finality that matched the boiling torrent coursing through me. My hands shook and my breaths came out in sharp, uneven bursts, as I tried to tether myself to any semblance of calmness amidst the chaos swirling inside."
94,"The room seemed to close in around me, shadows stretching long and cloaked over every corner, while my heart pounded an erratic rhythm against my ribs. Each creak of the floorboard behind me sent a chill racing up my spine, urging me to move faster though my feet felt rooted in place."
95,"As I stepped into the room, a rancid odor enveloped me, turning my stomach and forcing bile into the back of my throat. The sight before memoldy leftovers forgotten for weeksmade my skin crawl and my appetite vanish completely."
96,"The house that was once filled with laughter and the clatter of dinner plates now echoed with silence, every creak of the floorboards a reminder of stories left untold. As I sat in the dim light of the living room, the quiet seemed to stretch endlessly, wrapping itself around me like a heavy cloak."
97,"I watched the autumn leaves fall softly to the ground, each one joining the others in a quiet blanket, as if mirroring the quiet moments that now filled my days. The once familiar laughter echoing in the halls had faded to whispers, leaving behind an emptiness that I couldn't seem to fill."
98,"As I stepped into the dimly lit hallway, my breath caught in my throat, and each of my footsteps echoed loudly through the silence. I felt the hairs on the back of my neck stand stiff, urging me to turn back, yet my feet remained stubbornly fixed to the floor."
99,"Every word that spilled from my mouth felt like fire, each one sharp and burning, as I slammed the door with a force that rattled the walls. My heart pounded in my chest, echoing like a drumbeat, as I paced back and forth, unable to shake the intensity that coursed through me."
100,"As I walked down the dimly lit street, the shadows seemed to stretch and twist menacingly, my footsteps echoing louder than they should have in the eerie silence. Every rustle of the leaves felt like whispers telling me to quicken my pace, urging me to reach the safety of the light just beyond."
101,"As the overpowering stench of decaying garbage invaded my nostrils, my stomach churned and my throat tightened, urging me to recoil from the festering pile and escape the sour, repugnant air that clung to my skin."
102,"As I pulled open the curtain, expecting to see the familiar view of the backyard, I was met instead with the sight of a massive rainbow stretching vividly across the sky, its colors so vibrant it seemed almost otherworldly. Did this really happen while I wasn't looking?"
103,"As I clenched my fists, the sound of my heartbeat roared in my ears, each thump a relentless reminder of the injustice that simmered beneath my tightened jaw. The deep breath I took did little to quell the heat rising within me, my gaze narrowing on the source of my racing thoughts."
104,"As I walked into the living room, I nearly dropped my coffee mug, eyes widening at the sight of balloons scattered across the ceiling and friends jumping out from behind the couch, their voices ringing out in cheerful unison. It took a moment for the unexpected reality to replace the quiet morning I had anticipated."
105,"As I crept through the dimly lit corridor, my heart pounded like a drum in my chest, and every shadow seemed to reach out with chilling intent. The air was thick and heavy, and a sudden noise behind me sent an icy shiver down my spine, making it impossible to ignore the quickening of my breath."
106,"As I stepped into the dimly-lit room, the sour stench wrapped around me like an unwelcome embrace, clinging to my clothes and skin. On the stained counter lay a congealed pool of leftover dinner, its origins indiscernible, crawling with tiny invaders that seemed to dance with a mocking cheerfulness."
107,"The smell hit me as soon as I stepped into the room, a rancid blend that clung thickly to the air and made my stomach churn. Every step closer to the source felt like wading through a swamp of unnameable filth, leaving a bitter taste I couldn't swallow away."
108,"My heart pounded like a drum in my chest as shadows danced across the walls, each creak of the floorboards sending chills down my spine. The air around me seemed to thicken, and I could feel my breath quickening, as if the room itself was slowly closing in."
109,"I slammed the door harder than I intended, the sound echoing through the house as my hands clenched into fists. My mind raced with words I wanted to say, but they stayed trapped inside, fueled by the heat radiating from my skin."
110,"As I walked into the room, a putrid stench assaulted my senses, my stomach churning as I caught sight of the plates piled with congealed leftovers swarming with a moving layer of tiny invaders. I quickly turned away, hoping to forget the nauseating scene that was now etched into my mind."
111,"As I entered the room, a pungent odor hit me like a wall, a rancid mixture of rotting food and something sour that clung to every surface, making it hard to breathe. The sight of grimy dishes piled haphazardly in the sink, teeming with a swarm of fruit flies, left me recoiling."
112,"As I stepped into the dimly lit hallway, my heart began to race uncontrollably, each shadow seeming to stretch and bend toward me. The suffocating silence around me amplified the creaks beneath my hesitant footsteps, urging me to turn back with every step."
113,"The morning unfolded with the sound of shattering glass and my teeth grinding against each other, the very air around me seemed to crackle as I wrestled with the urge to let words fly like arrows. My hands clenched into fists as I paced the room, the sensation of heat rising in my chest, fiery and unyielding."
114,"I slammed the door behind me with a force that sent a jarring echo through the hall, as the vase on the table teetered precariously from the impact. My hands were trembling and clenched so tightly that my nails left red crescents on my palms, each of them a reminder of the frustration I couldn't seem to shake off."
115,"As I flipped open the cover of the dusty old book, a folded letter fluttered to the floor, revealing my own handwriting that I didn't recall ever leaving behind. In that moment, the room seemed to shrink around me, and the din of the world faded, leaving only the whisper of possibilities hidden in forgotten pages."
116,"As I sat quietly in the dimly lit room, the sound of the ticking clock seemed to echo louder, each tick marking the absence that filled the space. My eyes traced familiar paths on the walls, while the weight in my chest grew heavier with each passing moment."
117,"The moment I opened the fridge, an overpowering wave of putrid air hit me, and my eyes watered as my gaze landed on the forgotten container in the back, its contents an unrecognizable, mold-covered mass. I could hardly bring myself to breathe as I gingerly wrapped it in plastic and took it to the outdoor bin, eager to rid the house of the revolting presence."
118,"I watched the leaves slowly drift to the ground, their vibrant colors fading as they settled amidst the remnants of last autumn. The house felt particularly silent today, the echoes of laughter lingering in corners where memories used to breathe."
119,"The mug slipped from my hand, shattering into a thousand pieces, mirroring the turmoil I felt inside. My hands clenched into fists as I fought to steady my breath, each shard on the floor igniting a fire that surged through my veins."
120,"I walked into the room expecting the usual chaos, but instead found everything neatly organized and not a stray toy in sight. My mind reeled as I double-checked to make sure I hadn't wandered into the wrong house."
121,"I felt my hands clench tightly, and my jaw seemed to lock on its own as each word they said seemed to echo louder, an incessant drumbeat pounding in my ears, igniting a fire just beneath my skin."
122,"The sun peeked through the curtains, painting the room in soft, golden light as my feet danced across the floor, unable to contain the rhythm that pulsed through my veins. I spun around the room with a lightness that seemed to lift me off the ground, a melody only I could hear propelling my every step."
123,"As I walked into the room, the overpowering stench hit me like a wall, making my stomach churn and my skin crawl. My eyes watered as I tried to hold my breath, wanting nothing more than to escape the sickening scene before me."
124,"I sat quietly in the dim room, watching the steam curl away from the untouched cup of tea, its warmth fading just like the light outside. In the silence, the gentle ticking of the clock seemed to echo too loudly, marking moments that slipped by unnoticed."
125,"The sun broke through the clouds just as I reached the top of the hill, its rays dancing across the dew-kissed grass, and I couldn't help but spin around with my arms wide open, feeling as if my heart might burst at the sight. Lost in that moment, laughter escaped my lips, echoing into the open sky, shared only with the gentle breeze."
126,"The heat surged through my body as I clenched my fists, my jaw tightening with every silent moment that passed, the feeling leaving an icy pit roiling in my stomach. The constant drumming in my head kept pace with the words I wished I could unleash, burning bitterly at the tip of my tongue."
127,"As I turned the corner, I found my usually bustling street completely silent, the familiar faces replaced by an unexpected parade, with vibrant floats and unfamiliar melodies filling the air. The scene before me unfolded like a dream, each moment stretching into something out of the ordinary."
128,"As the sun dipped below the horizon, its golden rays glimmered across the lake, and I found myself twirling barefoot in the soft grass, heart pounding to the rhythm of nature's symphony around me. Each breath felt lighter, every breeze carried a melody that lifted my soul, and somehow, I was inexplicably buoyant, as if my feet barely touched the earth."
129,"As I opened the door, the sight before me made me pause, my breath catching for just a moment; the room was filled with balloons, shimmering in vivid colors, and a gentle chorus of voices rose to greet me with unexpected warmth. My heart skipped, and I stood there taking in the unexpected scene that completely defied my expectations."
130,"As I opened the door, the room erupted into a cascade of cheers and bursts of colorful confetti danced in the air, leaving me blinking in sheer wonder. The familiar faces, illuminated by the glow of candles atop a towering cake, filled the space with an unexpected warmth."
131,"I slammed the door behind me, my hands shaking as I paced back and forth, the words still echoing in my mind like a relentless storm. Each breath felt like fuel on a growing fire, scorching every ounce of patience left in my chest."
132,"My heart pounded in my chest, and a chill crawled up my spine as the shadows seemed to stretch and close in around me; every creak of the floorboards echoed louder than the last. The air felt thick, as if I was walking through a dense fog, making it hard to catch my breath with each cautious step forward."
133,"As I entered the room, a thick, acrid stench hit my nose, instantly turning my stomach and making it hard to breathe. I couldn't help but recoil as my eyes traced the crumbled mess on the floor, each step forcing me to question what unfortunate event had unfolded here."
134,"As I opened the fridge, a pungent wave hit me, carrying the unmistakable scent of forgotten leftovers, their colors now an unsettling mesh of greens and grays. The container, once airtight, now seemed to breathe with a life of its own, daring me to remove it from its cold, abandoned nook."
135,"I walked into my living room, expecting the same cozy chaos as always, only to find it transformed into a candlelit wonderland, every corner filled with shimmering decorations and familiar faces beaming back at me. It was as if the air itself had changed, carrying a vibrant melody that hadn't been there just moments before."
136,"Sunlight streamed through my window this morning, warming my face as I peeled back the curtains to find the world painted in sparkling, golden hues. The air felt alive with possibility, and as I stepped outside, each breath was a reminder of the beauty and wonder that surrounds us."
137,"As I entered the room, a sour stench enveloped me, a potent mix of rotting leftovers and something unidentifiably rancid that made my skin crawl. The sight of the forgotten dishes, now hosts to a fuzzy, dark growth, turned my stomach, urging me to retreat immediately."
138,"As the shadows gathered and the wind whispered secrets through the trees, I felt my chest tighten and my breath catch, every creak of the floorboards below echoing like a distant, unseen footstep drawing nearer."
139,"As I walked into the kitchen, the stale, acrid aroma immediately clawed at my senses, and my eyes landed on the remnants of last week's forgotten leftovers, now a rancid landscape of green and white fuzz spilling over the edges of the container. Instinctively, my face twisted, my stomach turned, and I had to cover my mouth to keep from retasting breakfast."
140,"As I stepped outside, the sun's warm rays wrapped around me like a gentle embrace, and my heart seemed to dance in rhythm with the symphony of birdsong filling the air. The world felt vibrant and alive, each moment more brilliant than the last, as if everything was cast in a golden light."
141,"I watched the sunset from the old wooden bench, the sky's colors fading just like the laughter that once filled this spot. The wind carried whispers of memories, each one slipping through my fingers as I reached out for warmth no longer there."
142,"As soon as I walked into the room, my eyes widened, taking in a sight I never expected to see; a towering cake, taller than the tallest person I know, stood proudly, surrounded by a sea of balloons. The air seemed to shimmer with a buzz that made my heart skip, and for a moment, I wondered if this was real or if my eyes were playing tricks on me."
143,"My heart raced like a runaway train, my breath shallow and quick as shadows seemed to grow and coil around me in the dim room. The hairs on my neck stood at attention, each creak of the floorboards loud and startling in the unsettling quiet."
144,"I stood in the doorway, blinking rapidly, as the unexpected sight before me defied everything I thought I knew. My usual, familiar living room had been transformed into a vibrant jungle scene, complete with towering palm trees and a gentle mist hanging in the air, leaving me momentarily speechless."
145,"I could feel the heat rising in my chest, and my hands clenched into fists as I stared at the mess that was left behind, every nerve in my body tense and ready to snap. It felt like my head was about to explode, and a bitter taste lingered in my mouth as I wondered how anyone could be so thoughtless."
146,"My heart pounded against my chest as I stared at the shattered glass on the floor, my jaw clenched so tight I could hear the grinding of my teeth. Every muscle in my body tensed like a coiled spring, ready to snap."
147,"As I walked down the shadowy alleyway, my heart sped up, pounding loudly in my chest, while every slight rustle in the darkness seemed to whisper threats into the edges of my mind. My skin prickled and my breath caught in my throat, urging me to turn back with every cautious step forward."
148,"As I opened the creaky old box, nestled in a pile of forgotten attic memories, I stumbled upon a trove of letters that bore my name in familiar handwriting, letters I never knew existed. Each envelope carried tales of afternoons I'd lived but somehow forgotten until now."
149,"As I wandered through the empty rooms of our old house, the echoes of laughter that once filled each corner seemed distant, like whispers from another time. I lingered by the window, watching the evening light fade, leaving behind a weight that settled quietly in my chest."
150,"As I closed the door behind me, the echo of silence became my unwelcome companion, each tick of the clock on the wall a reminder of what used to fill these rooms. The empty space on the coat rack seemed to loom larger than ever, a quiet absence that spoke with more weight than any words ever could."
151,"As I slowly opened the creaking door, my heart raced in my chest, each beat loud in the oppressive silence, and my hands trembled while gripping the flashlight, casting erratic shadows that danced menacingly on the walls. Every whispered rustle and unseen movement around me seemed to tighten the knot in my stomach, urging me to turn back, yet pulling me deeper into the unknown."
152,"As I opened the door, the sight before me stopped me in my tracks, and my hand flew to my mouth. The living room was transformed, twinkling with lights and filled with familiar faces beaming at me."
153,"The sun peeked through the curtains, casting a warm glow over the room as I twirled around, my feet barely touching the ground, laughter bubbling up inside me like a fizzy drink. Every little detail seemed to hum with a vibrant energy, as if the whole world was dancing along with me."
154,"As I lifted the lid of the forgotten leftovers, an overpowering stench wafted up, and the sight of fuzzy green mold crawling like a miniature jungle across the surface sent a shiver down my spine, forcing me to recoil instinctively. It was as though the contents had transformed into something alien and grotesque, challenging the bounds of what I could handle in my kitchen."
155,"My hands shook as I stared at the shattered plate on the floor, each jagged piece a testament to the words that had erupted just moments before. The air felt thick and charged, every breath a reminder of how quickly calm can morph into chaos."
156,"As the sunlight poured through the window, I twirled around the living room, arms outstretched, feeling the warmth on my skin and the gentle breeze carrying the scent of blooming flowers throughout the house. It felt as though the whole world was singing in harmony with my heart."
157,"I sat alone at the kitchen table, staring at the empty chair across from me, the cold coffee growing colder as the minutes dragged on. The quiet of the room was only broken by the ticking of the clock, each second passing felt like an echo of something I couldn't quite reach anymore."
158,"As the creaky door slowly swung open on its own, a chill ran down my spine, and my breath caught in my throat, leaving me frozen in place, ears straining for the sound of footsteps in the oppressive silence."
159,"I opened the package, expecting the sweater I ordered, but instead, I found a collection of vintage comic books wrapped neatly inside. My eyes widened as I thumbed through pages that seemed to echo stories from a distant past."
160,"My heart raced as I heard the floorboards creak behind me, a soft yet distinct sound that shouldn't have been there. The shadows seemed to stretch and twist around me, closing the space between the door and where I stood, frozen and hoping the darkness wouldn't notice my presence."
161,"As the morning sun spilled through the open window, a gentle breeze danced around me, carrying the sweet scent of blooming flowers. I couldn't help but hum a tune I hadn't thought of in years, my feet almost floating across the kitchen floor."
162,"As I closed the door gently, the echo of silence in the room seemed heavier than before, and the familiar scent in the air felt like a whisper of something lost. I paused, letting the stillness wrap around me, and found myself staring at the photograph on the mantle, its colors now muted by the growing shadows."
163,"As I walked through the dimly lit alley, the shadows seemed to stretch and flicker around me, and every distant sound felt as though it echoed right behind my ear, closer with each step I took. My heart pounded louder than the soft patter of my footsteps, urging me to quicken my pace against the tightening grip of uncertainty in the night air."
164,"Stepping outside, the sun warmed my face as a gentle breeze played with my hair, lifting my spirit, while laughter bubbled up from somewhere deep inside, unbidden and unstoppable. The world seemed to dance before my eyes, every step feeling lighter than the last as I moved forward with a spring in my step and a song in my heart."
165,"As I stepped into the dimly lit hallway, my heart raced, and sweat began to bead on my forehead. Every shadow seemed to stretch and sway, whispering secrets I wasn't ready to hear."
166,"I sat at the kitchen table, staring at the empty chair across from me, the dull hum of the refrigerator filling the silence. The morning light streamed weakly through the window, casting long shadows that seemed to stretch forever."
167,"I felt a heat rising in my chest as my words cut through the silence, punctuated by the sharp impact of a door closing a little harder than intended. My pulse quickened, and I could feel my hands gripping the edges of the table as if steadying myself against a wave that threatened to crash over everything."
168,"My hands trembled and my heart pounded furiously in my chest as I slammed the door, leaving the room echoing with the sound of my departure. Words flew out of my mouth like sharp daggers, their edges cutting the thick tension in the air."
169,"As I opened the small box, my mouth fell open, and I blinked rapidly, trying to process the unexpected glimmer of the ring nestled inside. It was as if my surroundings suddenly melted away, leaving only the soft velvet beneath my fingers and the sparkling promise it held."
170,"As the sun dipped beneath the horizon, casting a golden glow over the park, I skipped down the path, feeling the soft grass beneath my feet and the cool breeze playfully tousling my hair. My heart seemed to dance along with the laughter bubbling out of me, each step lighter than the last."
171,"I slammed the door behind me, the sharp sound echoing in the hallway, as my fists tightened at my sides, every muscle in my body coiled and ready to spring. The world outside seemed to blur, each face a sculpted mask of indifference that only fueled the storm swirling within me."
172,"I slammed the door so hard that the walls rattled, my heart pounding like a drum echoing through an empty room. My fists clenched involuntarily, feeling warmth radiate to my fingertips, as I paced, the world around me blurring in a haze."
173,"As I stepped outside and felt the soft warmth of the sun on my face, I couldn't help but skip a little, the air around me filled with the sweet sound of birds chattering in harmony. Everything seemed to shimmer with a glow that made the world feel like it was wrapped in a soft golden hug."
174,"My heart raced as the shadows seemed to stretch and crawl along the walls, every creak of the floorboards echoing like thunder in the unsettling stillness of the night. I found myself gripping the edge of the table, my breath caught in my throat, as if any sudden movement might summon something lurking just beyond my sight."
175,"As I stepped into the dimly lit hallway, every creak of the floorboards echoed like a whispered warning, and my heart raced in response to the shadows that seemed to close in around me. My breath hitched as an unseen presence brushed past, leaving an icy trail across my skin."
176,"As I entered the room, a putrid odor clung to the air, making my stomach churn and my face instinctively twist away as my eyes landed on the overflowing pile of unwashed dishes festering in the sink. The sight and the smell coalesced into a sensation that made every instinct urge me to flee for a breath of fresh, uncontaminated air."
177,"The sun danced playfully on my skin as I twirled in the meadow, the breeze lifting strands of my hair and the laughter bubbling uncontrollably from my lips. Each step felt lighter than the last, as if I could float away on the music of the moment."
178,"The corners of my vision seemed to blur as I clenched my fists so tightly that my knuckles turned white against the pulsating heat in my face. My jaw was set so hard it ached, but the words I wanted to unleash wouldn't capture the storm raging inside."
179,"The hairs on the back of my neck stood on end as I navigated the narrow alleyway, the echo of footsteps behind me quickening my own pace. My heartbeat pounded louder in my ears with each creak and rustle in the dark."
180,"As the rustling grew louder behind me, my heart pounded in my chest like a drum, each beat echoing in my ears. My breath caught in my throat, and the world seemed to narrow to just the crunching of leaves under unseen footsteps."
181,"Walking into the backyard, I stopped in my tracks, eyes wide as a flash of color darted among the branches  a parrot perched elegantly on the oak tree, where only sparrows and robins had gathered before."
182,"As I opened the old container from the back of the fridge, a putrid stench hit me like a wave, and my stomach did a somersault. The slimy, green mass inside was enough to make me recoil, wondering how I let it get this far."
183,"Yesterday, I found myself staring at the empty chair by the window, where the sunlight once seemed to frame a familiar silhouette perfectly. The silence in the room felt heavier than usual, as if each tick of the clock was gently reminding me of all the words left unsaid."
184,"The sun streamed through the open window, warming my face as laughter spilled out like a bubbling brook, each ripple of sound echoing in the room, and I felt as if I could float, light as the air whispering sweet nothings around me."
185,"I sat on the old park bench, watching as leaves fell from the trees, their gentle descent a silent echo to the hollow feeling that seemed to stretch endlessly within me. The distant laughter of children playing seemed almost like a memory from another life, just out of reach but hauntingly familiar."
186,"I slammed the door behind me, the loud crack echoing through the hallway as the papers I threw down scattered across the floor, my heart pounding like a relentless drum. My jaw clenched, and my breath escaped in sharp, uneven bursts as I struggled to contain the words that threatened to spill over and ignite everything around me."
187,"As I walked down the dimly lit alley, every rustling leaf and faint, echoing footstep seemed to amplify the quickened beat of my heart, while the shadows seemed to stretch and shift in ways that made my skin prickle with ice. A chill settled over me, and I felt as though I was being watched, my pace quickening as I struggled to get a deep enough breath."
188,"My heart raced as I fumbled with the keys, each metallic jingle echoing louder than the last in the otherwise silent hallway. The shadows seemed to stretch and creep closer, urging my hands to move faster."
189,"The sun warmed my skin, and the air was filled with laughter that seemed to dance around me as I twirled in the open field, feeling as light as the breeze that carried the scent of blooming flowers. My heart felt like it was soaring, as if it had wings, lifting me higher and higher with every heartbeat."
190,"As I sat in the empty room, the echoes of laughter that once filled the space seemed to taunt me, each creak of the floorboards a hollow reminder of what was now absent. My fingers traced the dust gathering on the mantelpiece, marking the passage of days that seemed to blend into one another."
191,"I watched the leaves fall from the trees, their vibrant colors fading to muted tones as they settled on the ground, a silent reminder of the changes I couldn't stop. The house felt emptier than usual, the echo of memories lingering in the stillness, each footstep reverberating through the space like a whispered goodbye."
192,"My heart pounded in my chest like a drum as the shadows in the hallway shifted, twisting into unfamiliar shapes. Every hair on my neck stood on end, and I could barely breathe as I inched forward, hoping not to disturb whatever lurked beyond the door."
193,"As I opened the lid, a rancid wave hit me, and the sight of the spoiled leftovers, now a fuzzy, blue-green science experiment, made my stomach clench involuntarily. The slimy texture on my fingers as I tried to clean up was almost more than I could handle."
194,"As I walked into the familiar aroma of fresh coffee and warm pastries, a lightness settled in my chest, and a smile effortlessly stretched across my face, contagious enough to spread to the strangers passing by. The world seemed brighter, each color more vivid, as if everything around me was silently sharing a wonderful secret."
195,"The sun kissed my skin as the gentle breeze carried the scent of blooming flowers, and I found myself twirling beneath the wide, open sky, heart lifting with every spin. Laughter bubbled up unbidden, echoing the simple symphony of a perfect afternoon."
196,"The shadows crept longer across the walls as the wind whispered secrets through the cracked window, and my heart beat a frantic rhythm that echoed the silence of the empty room. Each creak of the floorboards beneath me seemed to bring closer the unseen eyes I was certain watched from the darkness."
197,"As I stepped outside, the sun kissed my skin and the air felt light in my lungs, making every step feel like I was walking on clouds. Laughter bubbled up inside me, resonating with the cheerful melody of birds chirping all around."
198,"I sat alone at the kitchen table, stirring my spoon absentmindedly in a bowl of soup that had long since gone cold. Outside, the rain tapped gently against the window, its rhythm a familiar companion in the silence that filled the room."
199,"The worn, stuffed bear sat quietly on the shelf, its one remaining button eye reflecting the dim light as I gently shut the door of the empty room behind me. The silence had a weight to it, and every creak of the wooden floor echoed just a little too loudly in the stillness of the house."
200,"As I approached the open container, the overwhelming stench hit my nose like a wave, causing my stomach to churn and bile to rise in my throat. The sight of that thick, gelatinous mass made me instinctively recoil, and I fought the urge to gag."
201,"As I walked into the room, my eyes widened at the sight of the unexpected gathering, complete with balloons and familiar faces I hadn't seen in ages. For a moment, I stood frozen, my mind racing to process how they could have pulled this off without me having the slightest clue."
202,"The heat rose in my cheeks as I slammed the door harder than intended, the resounding thud echoing through the room. My hands trembled as I forced myself to exhale, each breath jagged and sharp like the shards of glass littering the floor."
203,"The sun warmed my face as I stood barefoot in the grass, each blade tickling my toes, while laughter bubbled up from somewhere deep within, spilling out uncontrollably until it echoed in the open air. The air was sweet with the scent of blooming flowers, and everything around me seemed to hum with a vibrant energy."
204,"I pushed open the door to find the kitchen sink clogged, a murky pool of water with slimy bits floating and a smell that hit me so hard I had to turn my face away, fighting the involuntary curl of my lips. It settled around me like an unwelcome guest, clinging to my senses, leaving me desperate for a fresh breath."
205,"I walked into the room and my nose was immediately assaulted by the pungent stench of something unidentifiable, turning my stomach and making my mouth clench involuntarily. The sight of the overflowing pile of rotting leftovers on the countertop intensified the queasiness that crept over me."
206,"As I stepped into the living room, my eyes widened at the sight of familiar faces gathered around, each holding a party hat while the walls gleamed with colorful streamers. A chorus of ""Happy Birthday"" erupted, the sound echoing louder than I'd anticipated for an ordinary Tuesday evening."
207,"As I walked through the empty house, the silence seemed to press against me, amplifying the creak of every floorboard and the distant ticking of the clock, each moment feeling more hollow than the last. Shadows lingered in corners where laughter and warmth once lived, leaving an absence that whispered of what was lost."
208,"I walked into the room and was immediately hit by the overpowering stench of rotting food mixed with something sour lingering in the air. Everything from the sticky floor to the stained walls made my stomach churn, urging me to turn on my heel and escape."
209,"I slammed the door harder than necessary, the sound reverberating through the house as I struggled to steady my breath. My hands clenched into fists, leaving half-moon imprints on my palms as I replayed the conversation in my mind, feeling the heat rising in my chest."
210,"As I walked into the dimly lit room, expecting the usual dusty textbooks and empty chairs, I was greeted instead by a chorus of familiar voices and the vibrant pop of confetti filling the air. My breath caught mid-step, and my heart skipped a beat as I took in the unexpected scene: a surprise party with all my closest friends grinning back at me."
211,"As I opened the plain envelope, expecting the usual slew of bills, a vibrant plane ticket slipped out, its bold print displaying a destination I had only ever dreamed of. The room seemed to shrink around me as I read and re-read the details, making sure it wasn't some kind of elaborate joke."
212,"I could feel my pulse quickening, my breath coming out in shallow bursts as my fingers curled into fists by my sides. Words buzzed at the tip of my tongue, but instead I clenched my jaw tightly, fighting the urge to let them spill out in a torrent of suppressed heat."
213,"The room felt hollow as I sat at the old wooden table, staring at the untouched cup of tea slowly growing cold, the silence wrapping itself around me like a heavy blanket. The absence of familiar laughter echoed through the empty spaces, leaving a lingering chill in the air."
214,"Opening the door to my apartment, I was greeted not by silence but by a chorus of familiar voices shouting my name, balloons floating near the ceiling and the smell of my favorite dish wafting through the air. My heart skipped a beat and I blinked a few times, trying to register that everyone I knew was packed into my living room, wearing grins that mirrored the shock that probably painted my face."
215,"I could feel my pulse quicken and my jaw clenched tightly, as heat rose to my cheeks while I replayed those infuriating words in my mind, each one a spark to the wildfire simmering just beneath my skin."
216,"I sat on the park bench, watching as children played and laughter filled the air, yet my world felt strangely quiet and distant, as if I were gazing at life from the other side of a glass wall. The once vibrant colors of the autumn leaves seemed to fade and blend into a dull tapestry as they fell gently to the ground around me."
217,"Walking into the room, my eyes widened as I took in the sight of balloons dangling from the ceiling and familiar faces beaming at me, all while a sudden chorus of voices burst into song. I blinked rapidly, trying to process how the ordinary day I'd expected had transformed into this extraordinary moment."
218,"I sat alone at the kitchen table, the once vibrant flowers in the vase now wilting, their petals littering the surface like forgotten memories. The quiet hum of the refrigerator was the only company I had as the uneaten dinner grew cold."
219,"The house felt emptier without her laughter echoing off the walls, and each room seemed to echo with whispers of memories that never quite stopped replaying. I found myself lingering in the hallway where her coat still hung, as if it might somehow bring her back through the door."
220,"The moment I entered the room, a thick, sour odor clung to my nostrils, curling my lips and sending a shiver down my spine. Every step made the sticky floor beneath me squelch, making me want to retreat to fresher air immediately."
221,"As I walked into the living room, my eyes widened at the sight of colorful balloons filling the entire space, and a familiar chorus of voices shouting my name broke the silence. My heart skipped a beat as I was handed a slice of my favorite cake, already knowing this would be a moment I wouldn't forget."
222,"As I walked into the room, expecting to see the familiar traces of daylight trickling softly through the curtains, I nearly faltered backward at the sight of balloons cascading from the ceiling and the unexpected chorus of voices shouting my name. It was as if the universe had flipped the script, and I found myself amidst the most brilliantly unplanned scene."
223,"I sat on the edge of my bed, staring at the framed photo on the nightstand, the house quiet enough that every tick of the clock sounded like a distant echo. Outside, rain streaked down the windowpane, tracing patterns that slowly disappeared, much like the days that had quietly slipped away.
"
224,"I sat by the window, watching as the rain traced somber patterns against the glass, each droplet a testament to things once hoped for but never realized. Silence filled the room, interrupted only by echoes of laughter that had long since faded into memories."
225,"My heart pounded against my chest like a storm at sea, and every breath felt stuck, shallow, as the shadows in the room seemed to stretch and grow closer, consuming the dwindling light. The floorboards creaked even though no one else was home, and the silence between each noise seemed to stretch into eternity."
226,"The morning light streamed through the window, casting a golden glow over everything in its path while I twirled around the kitchen, the aroma of warm pastries wrapping around me like a comforting embrace. The melody of my favorite song filled the air, and each note seemed to lift my feet just an inch higher off the floor."
227,"Walking into my kitchen, I was greeted by the sight of a stack of freshly baked cookies, still warm and perfectly golden, even though I was certain the house was empty when I left it. A quick glance revealed an unexpected ""thinking of you"" note from an old friend, who somehow managed to drop by without me knowing."
228,"I stood in the doorway, staring at the empty chair where her laughter used to echo, the silence now wrapping itself around me like a heavy blanket. The old clock ticked steadily on the wall, each second a reminder of what once was and will never be again."
229,"As the door slammed shut behind me, my fists tightened, and every muscle in my body seemed to spring to attention, urging me to lash out at the growing chaos around me. Words caught in my throat, burning like acid, waiting for an escape that never comes."
230,"I walked into the room, only to be hit by an overpowering stench that clung to my nose and made my stomach churn. The table was scattered with dishes bearing remnants of food, crusted and swarming with tiny black flies."
231,"I walked into the kitchen, expecting the usual morning scene, but there was a towering stack of pancakes waiting for me, complete with a cascade of syrup and playful sprinkles of powdered sugar. For a moment, I just stood there, unable to fathom how this perfect breakfast had materialized, almost like magic."
232,"As I wandered through the empty rooms, the echoes of laughter and conversation seemed distant, like a melody that once played but now only hums quietly in my memory. The familiar scents of home lingered in the air, yet felt strangely hollow, as if something essential had faded away."
233,"As I sat alone in the dimly lit room, the silence pressed down on me like a heavy blanket, and my gaze lingered on the framed photographs, capturing moments that seemed distant, almost forgotten. The spaces where laughter once echoed now felt hollow, and the familiar warmth of those memories seemed to slip further away with each passing moment."
234,"I watched the golden sun sink beneath the horizon, and as its light faded, the room grew dim and silent. The echoes of laughter that once filled the space seemed like distant whispers now, hidden somewhere beyond reach."
235,"I felt the heat rising from the pit of my stomach, each word that left their mouth was a match struck against sandpaper, igniting something fierce inside me. My hands clenched into fists so tightly that my nails seemed determined to leave crescent moons indented in my palms."
236,"My heart pounded in my chest, each beat louder than the last, as I stood frozen, eyes wide, straining to catch a glimpse of the lurking shadows creeping closer. The chill in the air seemed to seep into my bones, my breath caught in my throat, every instinct screaming for me to run, yet my legs refused to move."
237,"As I walked into the empty room, the echo of my footsteps was the only sound, a stark reminder of the silence left behind. I glanced at the dusty photo frames on the shelf, their familiar faces smiling back at me with a warmth that felt achingly distant."
238,"I slammed the door behind me, each step I took echoing like a drumbeat as my heart raced and my fists clenched tighter. Words I could barely control tumbled out of my mouth as my mind spiraled, a heat rising in my chest that begged for release."
239,"As I swung open the door, a chorus of laughter and familiar faces greeted me, the air buzzing with shared stories and warmth that wrapped around me like a cozy blanket. My cheeks began to ache from the constant smile, a testament to the magic of these cherished, unplanned moments."
240,"As I entered the room, an overpowering stench hit me, a nauseating blend of spoiled food and musty dampness, making me want to recoil from the unseen horrors within. Each step further into the room seemed to stir the air, intensifying the revolting odor lingering like an unwelcome guest."
241,"My heart raced as the shadows seemed to stretch across the room, my ears straining for any hint of movement in the suffocating silence. I clutched the blanket tighter, willing myself to forget the eerie creak of the floorboards just moments before."
242,"As I opened the fridge, a putrid stench hit my nostrils with such force that I instinctively recoiled, my stomach turning as my eyes landed on the forgotten leftovers, now a moldy, decomposing mass. The sight alone was enough to make me clamp a hand over my mouth, suppressing the urge to gag."
243,"My hands clenched involuntarily, knuckles turning white as the throbbing heat coursed through my veins. Words, sharp and uncontrollable, sprang to my lips before I could rein them in."
244,"As I skipped down the sunlit path, the warm rays wrapped around me like an old friend, and I couldn't help but hum a little tune that seemed to rise from somewhere deep within. Everything around seemed to burst into vibrant colors, as if the whole world was singing my unspoken song."
245,"My heart raced as shadows extended across the room, wrapping around me like silent phantoms. Each creak of the floorboards mimicked the sound of an approaching presence, sending an icy chill skittering down my spine."
246,"As I slammed the door behind me, the echo reverberated like a thunderclap, rattling the frames on the walls and making my heart race with an intensity that felt electric. My thoughts were like a storm, swirling and crashing into one another, demanding release with every hurried step I took."
247,"I walked into the kitchen and was immediately hit by a putrid smell; milk cartons stood a­string of curdled larvae conducting an experiment in decay. Each step forward seemed to amplify the rancid aroma, making my stomach somersault in protest."
248,"The sun tipped its hat over the horizon as colors exploded across the sky, and I couldn't help but twirl around, arms wide open, letting the morning breeze lift me higher than I ever thought possible. Each step felt light, as if I was dancing on air, surrounded by a world that seemed to grin back at me."
249,"My chest tightened as the shadows stretched longer, creeping across the floor toward me. The sound of my own heartbeat filled my ears, drowning out any sense of calm I tried to muster."
250,"I slammed the door behind me, leaving the conversation hanging in the air, my blood pulsing and heat rising under my skin. Every word echoes in my mind like a poorly written script I can't escape."
251,"As the sun painted the sky with its golden hues, I found myself dancing in the cool, soft grass, my heart overflowing and my spirits seemingly weightless. Laughter bubbled up from within me like a natural spring, as if the universe had whispered a secret meant just for me."
252,"The walls seemed to close in around me as my heart pounded like a relentless drum, each beat echoing through my chest. My breath hitched, shallow and quick, as an icy sensation crept up my spine, leaving me rooted to the spot, unable to move or turn away from what lay ahead."
253,"As I entered the room, a sharp, sour stench curled into my nostrils, tangling itself with the humidity in the air, and my stomach churned involuntarily, threatening revolt with every reluctant breath I took. The sight before me was equally vile: a festering heap of forgotten leftovers, their colors bleeding into an amorphous mass of decay."
254,"As I walked through the dimly lit alley, the sound of footsteps echoed behind me, quick and sharp, matching the rapid thudding in my chest. The shadows seemed to stretch and reach out, and every small rustle of the night sent a chill down my spine, urging me to quicken my pace, though I dared not look back."
255,"Walking into my kitchen, I saw the window wide open, curtains billowing gently, with a stray cat lounging comfortably on the countertop, tail flicking as if it owned the place. My morning routine took an unexpected turn as I hesitated at the door, coffee mug in hand, unsure if I had stumbled into my own life or a whimsical storybook."
256,"As I stepped outside, the cool breeze wrapped around me, and a wide grin spread across my face as I felt the first hints of spring blossoming in the air. The laughter bubbling from within me echoed the birds' songs, both clear and free, carrying the promise of a new day."
257,"As I stepped into the shadowed corridor, every creak of the floorboards seemed to echo in my chest, and my breath caught in my throat, unsure of what might emerge from the darkness ahead. The edges of my vision seemed to blur, and the hairs on my neck rose, alert to even the faintest rustle from behind."
258,"I twirled in the warm afternoon sun, feeling the gentle breeze lift my hair as laughter spilled effortlessly from my lips. The world around me seemed to hum its own melody, each note brightening the colors of the day."
259,"The room felt strangely hollow as I placed the picture frame face down on the cluttered table, the echo of laughter and warmth now a distant memory in the silent space around me. I found myself lingering by the window, watching the rain trail down the glass like forgotten tears."
260,"The sunlight poured through the windows, warming my skin as I twirled around the room, the air alive with the crisp melodies of birdsong and laughter. My heart felt like it could burst as I stepped into the world, every color seeming more vivid and every sound more melodious."
261,"Stepping into the kitchen, I found a trail of floury paw prints leading to the countertop, where my cat sat proudly, surrounded by the remnants of the cake I'd just baked. As my eyes darted from the feline to the half-eaten dessert, my mind raced to piece together the chaotic scene."
262,"As I walked into the neglected room, an overpowering stench of rot and mildew wrapped around me, while a sticky film clung to every surface I dared to touch, sending an involuntary shiver skittering down my spine."
263,"The moment my hand reached for the doorknob, an involuntary shiver ran down my spine, and time seemed to stretch indefinitely as I strained to hear any noise from beyond the shadowed threshold. My heart pounded loud in my ears, a rhythmic drum that only quickened with every second of silence."
264,"The moment I opened the envelope, my eyes widened and my heart skipped a beat, for nestled inside was not what I had expected at all. It was as if the world had shifted slightly, leaving me to blink and adjust to this new reality."
265,"The walls of my room seemed to draw closer, their silence broken only by the ticking clock that echoed in the stillness. Outside, the world buzzed with life, but my window painted a different picturea gray sky, promising nothing beyond the present moment."
266,"I opened the old shoebox in the attic, expecting to find dusty knick-knacks, only to discover a stack of yellowed letters from someone I never knew existed. As I skimmed the faded handwriting, the stories within seemed to unravel a hidden chapter of my family history that I had no idea about."
267,"As the first golden rays of morning light broke through the curtains, I spun around the room, feeling as light as the morning breeze, laughter spilling from my lips like a bubbling brook. The world seemed to dance along with me, everything brighter, infused with a thrilling anticipation for the day ahead."
268,"The house felt unusually silent as I sat alone in the dimly lit room, the laughter and chatter that once filled the space now just distant echoes in my mind. Outside the window, the sun dipped below the horizon, casting long shadows that seemed to stretch endlessly into the night."
269,"As I walked through the front door, a symphony of laughter and the aroma of freshly baked cookies instantly enveloped me, and I couldn't help but feel a lightness in my chest. The vibrant colors of balloons and streamers danced around the room, as familiar faces greeted me with open arms."
270,"As I stood at the threshold, my heart pounded in my chest, each beat echoing in my ears like a drum warning of impending danger. The air felt thick, almost stifling, as my fingers trembled ever so slightly against the cold metal of the doorknob, uncertain of what lay ahead."
271,"As I opened the drawer, the stack of letters toppled out, each one addressed to me in a handwriting that I hadn't seen since my childhood; I stood there, the world around me momentarily suspended. In that unexpected moment, the air seemed to crackle with the energy of the past, leaving me rooted in place, unable to speak."
272,"My fists clenched so tightly that my nails dug into my palms while a heated rush spread through my cheeks, leaving my thoughts throbbing like a relentless drumbeat. Every fiber in my body was taut, ready to snap under the unspoken weight of the confrontation."
273,"The sun poured through the windows, casting a warm glow over the room as laughter bubbled up from deep inside me, like a stream breaking free after a long winter frost. Every breath felt light, as if I could float, my heart swelling with an energy that made everything around me glide in slow, shimmering harmony."
274,"As I opened the door, expecting the usual sight of my living room, I blinked several times at the completely transformed space, now adorned with colorful balloons and a crowd of smiling faces all yelling ""Surprise!"" in unison. The aroma of freshly baked cake wafted towards me, and for a moment, all I could do was stand there, my mind racing to catch up with the reality before me."
275,"As I stepped outside, the warm sun wrapped its gentle rays around me, and I found myself twirling on the dew-kissed grass, humming a tune only I knew. Every breath felt lighter, as if the world was singing in harmony with my heart."
276,"My muscles tensed as my hands clenched into fists, the heat rising to my cheeks in a slow, burning wave. Words simmered on my tongue, sharp and ready to spill over, but I bit them back, glaring fiercely into the space around me."
277,"The house felt strangely quiet as I wandered from room to room, each echo a reminder of the vibrant laughter and familiar chatter that used to fill the empty spaces. The old photos on the mantel seemed to watch over me, their frozen smiles a stark contrast to the stillness that enveloped the air."
278,"Walking into the party, I noticed the vibrant decorations and familiar faces, but the sight of my long-lost childhood friend waving from across the room sent my heart racing. A sudden jolt coursed through me, as if the world had shifted ever so slightly under my feet."
279,"As I walked down the dimly lit alley, every faint sound seemed to echo louder than the last, and my heart raced in sync with the distant footsteps that grew closer behind me. Each quickened breath felt like it hung in the air, mixing with the oppressive silence that pressed in from all sides."
280,"As I slammed the door behind me, the echo reverberated through the room, each creak of the hinges a grating reminder of the conversation I wished I could erase; my hands clenched into fists so tight my knuckles turned white. The mess left behind by careless words felt like a tangled knot that wouldn't come undone, no matter how hard I tried to unravel it."
281,"As I opened the refrigerator, the stench hit me like a wall, and the sight of the month-old leftovers, now a colorful patchwork of mold, made my stomach churn. I quickly slammed the door shut, wishing I could erase the image from my mind."
282,"The silence in the room was deafening as I caught the soft creak of a floorboard behind me, and my heartbeat seemed to echo off the walls. I felt my skin tingle with the cold rush of adrenaline, every nerve on edge awaiting what might come next."
283,"As I opened the fridge, an overwhelming stench hit my nose, and my eyes immediately zeroed in on the mold-covered block of cheese that seemed to pulsate with each breath I took. It was like the very air carried a thick, sour film that clung to my throat and refused to let go."
284,"As I walked down the dimly lit hallway, the echo of my footsteps seemed to grow louder, bouncing off the walls like a drumbeat in an empty cave. My hand trembled on the door handle, a chill creeping up my spine as shadows danced in the corners of my vision."
285,"I could feel my heart pounding in my chest as the shadows stretched longer and crept closer around me, while my mind raced to predict what might emerge from the darkness. Every sound in the silence was amplified, setting off tingling sensations down my spine."
286,"The morning sun broke through my window, casting a warm glow over the room, and I couldn't help but dance to the rhythm of my favorite song playing on repeat. As I whipped up breakfast, humming along, everything seemed perfectly in tune with the lightness in my steps."
287,"The room felt unusually quiet as I set the table for one, the clinking of the lone fork against the plate echoing through the empty kitchen. I lingered by the window, watching the evening sky fade, the absence of shared laughter hanging heavily in the air."
288,"As I opened the refrigerator door, an unbearable stench hit my nose, causing my stomach to churn. The once fresh strawberries were now covered in a sickly fuzz, oozing a liquid that seemed to defy description."
289,"As the morning sun streamed through the window, I found myself humming a tune I didn't even know I knew, my steps lighter than air as I danced my way through the start of a beautiful day."
290,"Today, I watched as the last golden leaf spiraled down from the oak tree, and the chill in the air seemed to linger a bit longer than usual, echoing a quiet emptiness around me."
291,"As I walked through the door, the room burst into a chorus of laughter and applause, familiar faces lighting up with wide smiles, and I felt like I was wrapped in the warmest hug imaginable."
292,"I opened my mailbox expecting the usual pile of bills and advertisements, but instead, I found a handwritten letter from a childhood friend I hadn't heard from in years. As I carefully peeled back the envelope, my mind raced back to schoolyard memories buried long ago."
293,"As I flipped open the package, expecting the usual order, my eyes widened at the sight of a handwritten note and a small, unexpected gift nestled inside. It took a moment for the reality of this delightful twist to truly settle in, leaving me momentarily speechless."
294,"As I threw open the windows, the fresh breeze carried the scent of blooming flowers, and I couldn't help but dance to the birds' morning chorus. My heart felt as light as the sun rays that kissed my skin, filling the day with endless possibilities."
295,"As the first rays of sunlight streamed through the window, I couldn't help but twirl around the room, my feet barely touching the floor while the melody in my heart played on. Everything felt lighter, as if the world had just taken a deep breath and let it out in a gentle, harmonious sigh."
296,"The sun peeked through the curtains, casting a warm glow over the living room as laughter echoed off the walls and the scent of freshly baked pastries filled the air. I couldn't help but twirl my way across the room, feeling like everything was wrapped in a bright, comforting light."
297,"As I stared at the shattered vase on the floor, my hands trembled, and my jaw clenched so tightly I could feel my pulse in my temples. I felt a heat rise within me, almost as if the room itself was pressing in, urging me to respond in kind to the chaos before me."
298,"As soon as I entered the room, a pungent stench clawed at my nostrils, making my stomach churn and my skin crawl. The sight of the congealed mess on the table seemed to twist my insides, urging me to back away in an instinctive recoil."
299,"As I sat on the worn couch, the ticking of the clock filled the silence, each second stretching longer than the last. The room was filled with the scent of old coffee, and I found myself staring blankly at the photos on the wall, their once vibrant colors seeming to fade in the dim light."
300,"My face flushed, I clenched my fists so tightly that my knuckles turned white as I struggled to keep my voice steady, words pressing at the back of my teeth like a dam about to burst. The air around me crackled with the feeling of something teetering on the edge of control, and I could hear the blood pounding in my ears, drowning out everything else."
301,"The sun warmed my face as I danced barefoot in the grass, laughter bubbling up uncontrollably as the world spun around me, alive and vibrant. In that moment, everything felt just right, as if the universe and I were singing the same beautiful melody."
302,"The moment I opened the door, I was met with a room filled with familiar faces and a chorus of voices shouting, ""Happy Birthday!"" I blinked, processing the unexpected sight of balloons, cake, and a banner with my name on it, realizing I had completely forgotten what day it was."
303,"As I walked down the dimly lit alley, my heartbeat quickened and the hairs on my neck stood on end, each shadow seeming to twist and lunge at me through the thickening fog. Every tiny sound echoed unnaturally, and I found myself glancing over my shoulder, straining to distinguish the phantom shapes from reality."
304,"As I stepped into the tiny, dimly-lit room, the sour stench of what must have been rotting food assaulted my senses, my stomach twisting as the sight of unidentifiable scraps strewn across the sticky floor caught my eye. Flies buzzed in lazy circles around a forgotten dish in the corner, their incessant humming loud against the eerie silence that hung in the stale air."
305,"I slammed the door behind me, the echo reverberating through the room as my hands clenched into fists, knuckles turning white. My heartbeat pounded in my ears, drowning out every rational thought, leaving an undeniable heat radiating through my chest."
306,"As I walked into the kitchen, a sour stench hit my nostrils, and I recoiled, my eyes settling on the overflowing trash can where something unrecognizable had started to ooze out and fester. Instinctively, I took a step back, my appetite evaporating, leaving behind a sour taste that lingered at the back of my throat."
307,"I opened my inbox to find an email from a name I hadn't seen in years, the sender's address instantly transporting me back to late-night college conversations. As I read the unexpected words in front of me, my heart skipped a beat, and I found myself rereading each line just to make sure it was real."
308,"As I stood at the threshold, my pulse quickened, and my palms grew clammy, each creak of the floorboards amplifying the silence around me. My breath hitched, and the hairs on the back of my neck prickled with anticipation of the unknown that lingered ahead."
309,"The familiar scent of coffee filled the air, a comforting ritual now met with silence as I sat across an empty chair, the laughter that once echoed around the table now a distant memory. I watched the steam rise from the cup, dissipating into nothingness, just like the conversations we used to share."
310,"The sunlight streamed through the windows, and I found myself humming along with the radio, the melody lifting my spirits as I danced around the kitchen without a care. Everything around me seemed to glow with a special warmth, as if the whole world was gently smiling."
311,"As I opened the door, the kitchen, which had been a quiet space a moment ago, was now filled with balloons and the familiar faces of friends shouting in unison. My heart skipped a beat as I took in the sight and realized what was happening."
312,"I walked into the kitchen, expecting the familiar aroma of freshly brewed coffee, only to be greeted by an elaborate spread of pastries, balloons, and a crowd of smiling faces shouting, ""Happy Birthday!"" It took a moment for the scene before me to sink in; this was the last thing I expected to find on an ordinary Wednesday morning."
313,"As I stood in the kitchen, my face warmed by the golden morning light streaming through the window, I couldn't help but hum a tune. With every sip of the freshly brewed coffee, the world outside seemed to pulse with vibrant colors, dancing in tune with my lighthearted rhythm."
314,"As I entered the cramped room, the overwhelming stench of decay hit me like a punch, curling my lips involuntarily and forcing my eyes to water as I struggled to breathe without gagging. The sight of congealed masses in the corner only deepened the bile rising in my throat, urging me to flee."
315,"As soon as I opened the lid, the putrid aroma hit my nostrils like a wall, turning my stomach and making it hard to believe that this was once a forgotten leftover. My hand instinctively recoiled, shuddering at the sight of the slimy, questionable growth that had taken over the once edible contents."
316,"The sun beamed down as I skipped along the path, each step feeling lighter than air, while the melody of laughter danced around me like a gentle breeze. My heart was a symphony, every beat resonating with the warmth of the moment, as if everything around me was wrapped in a golden glow."
317,"This morning, as I opened the curtains, a blanket of white covered the ground, though yesterday had been warm and sunlit, almost like spring. The calendar assured me it was still early autumn, yet there it wassnow, gleaming under the bright sky."
318,"As the crisp leaves rustled in the pitch-black night, I felt my heart pounding like a drum, each beat louder than the last. Every shadow stretched longer and deeper, and my breath caught as I strained to see what might be lurking just beyond the edge of my vision."
319,"The sound of my heart pounded like a drum inside my chest, my fists clenched so tightly that my nails threatened to break skin. Every word spoken in that moment felt like an itch I couldn't scratch, an insistent buzz that dug deeper under my skin."
320,"I could feel my pulse quickening as I slammed the door shut, the sound echoing through the hallway like a thunderclap. My hands clenched into fists at my sides, a heat rising to my face as the words replayed over and over in my mind."
321,"The sun peeked through the curtains, casting golden stripes on my bedroom floor, and the air was filled with the aroma of fresh pancakes and brewed coffee, promising a day brimming with possibilities. I found myself humming a tune, my feet moving lightly as if gravity had lessened its hold, embracing the morning with open arms."
322,"My heart raced as I stood frozen in place, the hair on the back of my neck prickling with an unseen chill. Every creak of the floorboards seemed to echo louder, each shadow in the dim light stretching out threateningly toward me."
323,"I watched as the leaves slowly fell from the trees, one by one, until the branches were bare against the dull gray sky. The familiar laughter that once filled this space seemed to echo softly, a distant memory fading with the whispers of the wind."
324,"I felt the heat rise to my face, and my hands clenched into fists at my sides. Every word that left their mouth was like a match striking against dry timber, igniting something fierce inside me."
325,"The sun danced on my skin as laughter bubbled out of me, the world around me glistening with endless possibilities. In that moment, everything seemed to be right where it should be, and I couldn't stop smiling."
326,"As I reached the top of the hill, a gentle breeze carried the scent of wildflowers, and the sun wrapped me in its warm embrace; every step felt lighter, as though the world itself was singing a familiar, uplifting tune."
327,"Walking into the kitchen, the pungent odor hit me immediately, clinging to the air like a thick, invisible fog. The sight of the bloated, oozing mass spilling over the edge of the garbage can made my stomach churn as I tried to hold my breath and turn away."
328,"As I walked down the dimly lit hallway, my heart drummed a rapid, relentless tattoo in my chest, each creak underfoot making the shadows dance violently along the walls, urging me to turn back. Cold beads of sweat trickled down my back as I strained to listen, convinced that the silence was alive with hidden whispers waiting just beyond my reach."
329,"My heart raced as the world seemed to contract, the space around me growing tighter with each hurried breath. Shadows stretched and twisted in the dim light, while every sound echoed with a menacing clarity, sending chills down my spine."
330,"As I stepped into the room, a fetid stench hit me with such force that my stomach turned, and I instinctively recoiled, regretting every breath that followed in the presence of such squalor. The sight of the bloated, decaying remnants on the table made my skin crawl, and I fought the urge to gag, my mind racing to find an escape from the unbearable scene."
331,"I sat on the park bench that we used to share and watched the leaves fall, each one settling quietly on the ground, mirroring the hollow space beside me. The chill in the air wrapped around me like an unwelcome embrace, and despite being surrounded by the usual lively sounds of the city, everything felt disconcertingly silent."
332,"When I opened the door, a cacophony of vibrant balloons spilled into the room as confetti rained from above. Standing there, surrounded by familiar grinning faces, I found myself at a rare loss for words."
333,"As I pulled back the curtain, expecting the familiar view of my yard, I was instead greeted by a dazzling spectrum of colors dancing across the sky, painting the morning with shades I had never seen before. I blinked rapidly, wondering if my sleepy eyes were playing tricks on me, but the vibrant hues remained, leaving me utterly captivated."
334,"I slammed the door so hard it rattled the walls, my breath coming in sharp, heated bursts as I tried to steady my trembling hands. Every sound in the room felt like an unwelcome intruder, amplifying the tension coiled tightly inside me."
335,"My fingers curled into fists, and a heat radiated up my neck, a silent storm brewing behind my steady gaze as I bit back the words that clamored to leap out. The biting pressure of my jaw was the only barrier to a torrent that threatened to spill over, uncontained and unforgiving."
336,"My fingers trembled as I fumbled with the key, the slight creak of floorboards behind me sending shivers down my spine. My heartbeat echoed in my ears, drowning out everything else, as if urging me to hurry."
337,"As the warm rays of the sun kissed my skin, a gentle breeze whispered through the trees, carrying with it the sweet scent of blossoms; I couldn't help but let a smile dance across my lips. The world seemed to hum with a melody only my heart could hear, and my steps grew lighter as if walking on clouds."
338,"The sunlight streamed through the open window, casting a warm glow on the kitchen table as laughter bubbled up inside me, a melody that seemed to dance with the rustling leaves outside. In that perfect moment, the world felt wonderfully alive, each second brimming with vibrant possibility."
339,"This morning, as I was sipping my coffee and looking out the window, I saw a peacock gracefully strutting across my suburban lawn, its vibrant tail shimmering in the early sunlight. I blinked twice, set my mug down, and rubbed my eyes, but the scene remained unchangeda colorful spectacle in the midst of my everyday routine."
340,"Walking into the room, I noticed a bouquet of my favorite flowers on the table, their vibrant colors catching the morning light just perfectly, though I hadn't told anyone about them. As I glanced around, I realized everyone had gathered with warm smiles and playful glances, a scene that seemed to appear out of thin air."
341,"As I wandered through the empty house, the laughter and stories once shared echoed faintly in my mind, now replaced by a heavy stillness in each room. The weight of unspoken words hung in the air like a forgotten melody, leaving a lingering ache with each step."
342,"My heart raced as I stood frozen at the edge of the path, the thudding in my chest nearly as loud as the ominous rustling in the bushes ahead. The air seemed to thin around me, leaving my breaths shallow and quick, and every shadow stretched into intimidating shapes that danced under the dimming light."
343,"As the first rays of morning sunlight streamed through the window, I found myself humming a tune, the melody effortlessly dancing from my lips like the dawn of a perfect day. My feet seemed to move of their own accord, lighter than air, as I spun around the kitchen, whirling with a sense of boundless freedom."
344,"I slammed the door behind me, the echo bouncing off the walls as my hands clenched into fists. Every breath felt like it was fueled by a fire that refused to die down."
345,"As I stood in the quiet room, the familiar laughter and warmth seemed like a distant memory, now replaced by an aching emptiness that lingered in every corner. I hesitated before picking up the untouched book on the shelf, its pages a reminder of conversations left unfinished."
346,"The hairs on my arms stood on end as the unexpected creak echoed through the empty house, my breath catching in my throat as I looked around for its source. My heart quickened its pace, pounding so loudly in my chest that it seemed to drown out all other sounds, leaving me acutely aware of every shadow and the darkness that pressed in from all sides."
347,"As I opened the fridge, an unbearable stench hit me, and my eyes landed on the forgotten container in the back. The sight of the fuzzy, greenish mass within turned my stomach and made me recoil instinctively."
348,"I felt my heartbeat quicken as my hands tightened into fists, the world around me narrowing until all I could see was the source of my frustration feeding on my patience. Words tried to claw their way out, sharp and biting, desperate to spill from my clenched lips."
349,"As the creaking floorboards echoed through the silent hallway, my grip on the doorknob tightened, my heart pounding louder than the unexplained sound behind the closed door. Shadows seemed to writhe and twist at the edge of my vision, as each second stretched into an eternity filled with a chilling anticipation."
350,"I walked into the kitchen and was immediately hit by an overwhelming stench; the forgotten leftovers from last week had morphed into a fuzz-covered monstrosity, slowly oozing a questionable fluid onto the counter. The thought of even getting close enough to clean it up made my stomach churn."
351,"As I walked down the familiar street, the once vibrant colors of autumn leaves seemed muted, and the laughter of passing children faded into a distant hum. The long shadows of evening stretched across my path, echoing the hollow weight of solitude that accompanied me home."
352,"As I opened the door to my usually quiet apartment, I was greeted by a chorus of joyful voices and a cascade of colorful balloons bouncing off the ceiling, revealing a scene I hadn't anticipated in the least. Among the familiar faces, even more striking were the freshly baked cookies laid out on the table, the enticing aroma enveloping the room in unexpected warmth and delight."
353,"As I lifted the lid, a pungent wave rose up, stinging my nostrils with its sickly, rancid stink, and I could see the leftover food, marred with fuzzy, green islands that seemed to undulate with the slightest vibration. The sight and smell combined into a repulsive force that made my stomach churn, leaving a bitter taste in my mouth that lingered far too long."
354,"As soon as I walked into the room, an overpowering stench assaulted my senses, making bile rise in my throat; the scene in front of me, with its filth and decay, was enough to make me instantly regret taking the first step inside. The air was thick with a warm, suffocating humidity, pressing down on my skin like an unwelcome hug."
355,"The rain drummed softly on the windowpane as I stared at the empty chair across the table, the echo of laughter lingering in the quiet room. My fingers traced absentminded circles on the rim of a cold, untouched cup of tea."
356,"As I walked into the room, a burst of loud laughter stopped me in my tracks, and then I saw my entire family grinning back at me, party hats askew and confetti already in mid-air. All along, I thought I was just coming home to a quiet evening, but the unexpected sight left me standing there, my only response a wide-eyed gaze."
